name,time,flow_in,flow_out,pressure_in,pressure_out
branch0_seg0,0.0000000000000000e+00,6.4600000000117507e+02,6.4600000000117507e+02,2.0810038296838895e+04,2.0753863019434808e+04
branch0_seg0,1.1249999999999993e-01,6.4599999999941247e+02,6.4599999999941247e+02,2.0810038296782121e+04,2.0753863019378183e+04
branch0_seg0,2.2499999999999998e-01,6.4600000000029377e+02,6.4600000000029377e+02,2.0810038296810500e+04,2.0753863019406494e+04
branch0_seg0,3.3750000000000002e-01,6.4600000000029377e+02,6.4600000000029377e+02,2.0810038296810500e+04,2.0753863019406494e+04
branch0_seg0,4.5000000000000007e-01,6.4600000000029377e+02,6.4600000000029377e+02,2.0810038296810500e+04,2.0753863019406494e+04
branch0_seg0,5.6250000000000011e-01,6.4600000000029377e+02,6.4600000000029377e+02,2.0810038296810500e+04,2.0753863019406494e+04
branch0_seg0,6.7499999999999993e-01,6.4600000000029377e+02,6.4600000000029377e+02,2.0810038296810500e+04,2.0753863019406494e+04
branch0_seg0,7.8749999999999998e-01,6.4600000000029377e+02,6.4600000000029377e+02,2.0810038296810500e+04,2.0753863019406494e+04
branch0_seg0,9.0000000000000002e-01,6.4600000000029377e+02,6.4600000000029377e+02,2.0810038296810500e+04,2.0753863019406494e+04
branch1_seg0,0.0000000000000000e+00,5.1318341623707909e+02,5.1318341623707909e+02,1.8953650584297495e+04,1.8953650584297495e+04
branch1_seg0,1.1249999999999993e-01,5.1318341623567869e+02,5.1318341623567869e+02,1.8953650584245788e+04,1.8953650584245788e+04
branch1_seg0,2.2499999999999998e-01,5.1318341623637900e+02,5.1318341623637900e+02,1.8953650584271636e+04,1.8953650584271636e+04
branch1_seg0,3.3750000000000002e-01,5.1318341623637900e+02,5.1318341623637900e+02,1.8953650584271636e+04,1.8953650584271636e+04
branch1_seg0,4.5000000000000007e-01,5.1318341623637900e+02,5.1318341623637900e+02,1.8953650584271636e+04,1.8953650584271636e+04
branch1_seg0,5.6250000000000011e-01,5.1318341623637900e+02,5.1318341623637900e+02,1.8953650584271636e+04,1.8953650584271636e+04
branch1_seg0,6.7499999999999993e-01,5.1318341623637900e+02,5.1318341623637900e+02,1.8953650584271636e+04,1.8953650584271636e+04
branch1_seg0,7.8749999999999998e-01,5.1318341623637900e+02,5.1318341623637900e+02,1.8953650584271636e+04,1.8953650584271636e+04
branch1_seg0,9.0000000000000002e-01,5.1318341623637900e+02,5.1318341623637900e+02,1.8953650584271636e+04,1.8953650584271636e+04
branch2_seg0,0.0000000000000000e+00,2.5454157695649587e+02,2.5454157695649587e+02,1.6608944592002390e+04,1.6608944592002390e+04
branch2_seg0,1.1249999999999993e-01,2.5454157695580133e+02,2.5454157695580133e+02,1.6608944591957075e+04,1.6608944591957075e+04
branch2_seg0,2.2499999999999998e-01,2.5454157695614856e+02,2.5454157695614856e+02,1.6608944591979733e+04,1.6608944591979733e+04
branch2_seg0,3.3750000000000002e-01,2.5454157695614856e+02,2.5454157695614856e+02,1.6608944591979733e+04,1.6608944591979733e+04
branch2_seg0,4.5000000000000007e-01,2.5454157695614856e+02,2.5454157695614856e+02,1.6608944591979733e+04,1.6608944591979733e+04
branch2_seg0,5.6250000000000011e-01,2.5454157695614856e+02,2.5454157695614856e+02,1.6608944591979733e+04,1.6608944591979733e+04
branch2_seg0,6.7499999999999993e-01,2.5454157695614856e+02,2.5454157695614856e+02,1.6608944591979733e+04,1.6608944591979733e+04
branch2_seg0,7.8749999999999998e-01,2.5454157695614856e+02,2.5454157695614856e+02,1.6608944591979733e+04,1.6608944591979733e+04
branch2_seg0,9.0000000000000002e-01,2.5454157695614856e+02,2.5454157695614856e+02,1.6608944591979733e+04,1.6608944591979733e+04
branch3_seg0,0.0000000000000000e+00,1.9440588061333415e+02,1.9440588061333415e+02,1.3286589769952199e+04,1.3286589769952199e+04
branch3_seg0,1.1249999999999993e-01,1.9440588061280371e+02,1.9440588061280371e+02,1.3286589769915945e+04,1.3286589769915945e+04
branch3_seg0,2.2499999999999998e-01,1.9440588061306892e+02,1.9440588061306892e+02,1.3286589769934069e+04,1.3286589769934069e+04
branch3_seg0,3.3750000000000002e-01,1.9440588061306892e+02,1.9440588061306892e+02,1.3286589769934069e+04,1.3286589769934069e+04
branch3_seg0,4.5000000000000007e-01,1.9440588061306892e+02,1.9440588061306892e+02,1.3286589769934069e+04,1.3286589769934069e+04
branch3_seg0,5.6250000000000011e-01,1.9440588061306892e+02,1.9440588061306892e+02,1.3286589769934069e+04,1.3286589769934069e+04
branch3_seg0,6.7499999999999993e-01,1.9440588061306892e+02,1.9440588061306892e+02,1.3286589769934069e+04,1.3286589769934069e+04
branch3_seg0,7.8749999999999998e-01,1.9440588061306892e+02,1.9440588061306892e+02,1.3286589769934069e+04,1.3286589769934069e+04
branch3_seg0,9.0000000000000002e-01,1.9440588061306892e+02,1.9440588061306892e+02,1.3286589769934069e+04,1.3286589769934069e+04
branch4_seg0,0.0000000000000000e+00,1.1359337860603223e+02,1.1359337860603223e+02,6.9928083869873444e+03,6.9928083869873444e+03
branch4_seg0,1.1249999999999993e-01,1.1359337860572228e+02,1.1359337860572228e+02,6.9928083869682641e+03,6.9928083869682641e+03
branch4_seg0,2.2499999999999998e-01,1.1359337860587725e+02,1.1359337860587725e+02,6.9928083869778038e+03,6.9928083869778038e+03
branch4_seg0,3.3750000000000002e-01,1.1359337860587725e+02,1.1359337860587725e+02,6.9928083869778038e+03,6.9928083869778038e+03
branch4_seg0,4.5000000000000007e-01,1.1359337860587725e+02,1.1359337860587725e+02,6.9928083869778038e+03,6.9928083869778038e+03
branch4_seg0,5.6250000000000011e-01,1.1359337860587725e+02,1.1359337860587725e+02,6.9928083869778038e+03,6.9928083869778038e+03
branch4_seg0,6.7499999999999993e-01,1.1359337860587725e+02,1.1359337860587725e+02,6.9928083869778038e+03,6.9928083869778038e+03
branch4_seg0,7.8749999999999998e-01,1.1359337860587725e+02,1.1359337860587725e+02,6.9928083869778038e+03,6.9928083869778038e+03
branch4_seg0,9.0000000000000002e-01,1.1359337860587725e+02,1.1359337860587725e+02,6.9928083869778038e+03,6.9928083869778038e+03
branch5_seg0,0.0000000000000000e+00,1.3281658376409604e+02,1.3281658376409604e+02,1.9127836726579273e+04,1.9127836726579273e+04
branch5_seg0,1.1249999999999993e-01,1.3281658376373369e+02,1.3281658376373369e+02,1.9127836726527086e+04,1.9127836726527086e+04
branch5_seg0,2.2499999999999998e-01,1.3281658376391485e+02,1.3281658376391485e+02,1.9127836726553174e+04,1.9127836726553174e+04
branch5_seg0,3.3750000000000002e-01,1.3281658376391485e+02,1.3281658376391485e+02,1.9127836726553174e+04,1.9127836726553174e+04
branch5_seg0,4.5000000000000007e-01,1.3281658376391485e+02,1.3281658376391485e+02,1.9127836726553174e+04,1.9127836726553174e+04
branch5_seg0,5.6250000000000011e-01,1.3281658376391485e+02,1.3281658376391485e+02,1.9127836726553174e+04,1.9127836726553174e+04
branch5_seg0,6.7499999999999993e-01,1.3281658376391485e+02,1.3281658376391485e+02,1.9127836726553174e+04,1.9127836726553174e+04
branch5_seg0,7.8749999999999998e-01,1.3281658376391485e+02,1.3281658376391485e+02,1.9127836726553174e+04,1.9127836726553174e+04
branch5_seg0,9.0000000000000002e-01,1.3281658376391485e+02,1.3281658376391485e+02,1.9127836726553174e+04,1.9127836726553174e+04
branch6_seg0,0.0000000000000000e+00,7.3057558667465770e+01,7.3057558667465770e+01,4.4974233115691923e+03,4.4974233115691923e+03
branch6_seg0,1.1249999999999993e-01,7.3057558667266449e+01,7.3057558667266449e+01,4.4974233115569232e+03,4.4974233115569232e+03
branch6_seg0,2.2499999999999998e-01,7.3057558667366095e+01,7.3057558667366095e+01,4.4974233115630577e+03,4.4974233115630577e+03
branch6_seg0,3.3750000000000002e-01,7.3057558667366095e+01,7.3057558667366095e+01,4.4974233115630577e+03,4.4974233115630577e+03
branch6_seg0,4.5000000000000007e-01,7.3057558667366095e+01,7.3057558667366095e+01,4.4974233115630577e+03,4.4974233115630577e+03
branch6_seg0,5.6250000000000011e-01,7.3057558667366095e+01,7.3057558667366095e+01,4.4974233115630577e+03,4.4974233115630577e+03
branch6_seg0,6.7499999999999993e-01,7.3057558667366095e+01,7.3057558667366095e+01,4.4974233115630577e+03,4.4974233115630577e+03
branch6_seg0,7.8749999999999998e-01,7.3057558667366095e+01,7.3057558667366095e+01,4.4974233115630577e+03,4.4974233115630577e+03
branch6_seg0,9.0000000000000002e-01,7.3057558667366095e+01,7.3057558667366095e+01,4.4974233115630577e+03,4.4974233115630577e+03
branch7_seg0,0.0000000000000000e+00,5.9759025096630289e+01,5.9759025096630289e+01,3.6787655849485604e+03,3.6787655849485604e+03
branch7_seg0,1.1249999999999993e-01,5.9759025096467248e+01,5.9759025096467248e+01,3.6787655849385242e+03,3.6787655849385242e+03
branch7_seg0,2.2499999999999998e-01,5.9759025096548761e+01,5.9759025096548761e+01,3.6787655849435414e+03,3.6787655849435414e+03
branch7_seg0,3.3750000000000002e-01,5.9759025096548761e+01,5.9759025096548761e+01,3.6787655849435414e+03,3.6787655849435414e+03
branch7_seg0,4.5000000000000007e-01,5.9759025096548761e+01,5.9759025096548761e+01,3.6787655849435414e+03,3.6787655849435414e+03
branch7_seg0,5.6250000000000011e-01,5.9759025096548761e+01,5.9759025096548761e+01,3.6787655849435414e+03,3.6787655849435414e+03
branch7_seg0,6.7499999999999993e-01,5.9759025096548761e+01,5.9759025096548761e+01,3.6787655849435414e+03,3.6787655849435414e+03
branch7_seg0,7.8749999999999998e-01,5.9759025096548761e+01,5.9759025096548761e+01,3.6787655849435414e+03,3.6787655849435414e+03
branch7_seg0,9.0000000000000002e-01,5.9759025096548761e+01,5.9759025096548761e+01,3.6787655849435414e+03,3.6787655849435414e+03
branch8_seg0,0.0000000000000000e+00,2.5864183928058310e+02,2.5864183928058310e+02,1.7724854856510032e+04,1.7724854856510032e+04
branch8_seg0,1.1249999999999993e-01,2.5864183927987744e+02,2.5864183927987744e+02,1.7724854856461676e+04,1.7724854856461676e+04
branch8_seg0,2.2499999999999998e-01,2.5864183928023027e+02,2.5864183928023027e+02,1.7724854856485854e+04,1.7724854856485854e+04
branch8_seg0,3.3750000000000002e-01,2.5864183928023027e+02,2.5864183928023027e+02,1.7724854856485854e+04,1.7724854856485854e+04
branch8_seg0,4.5000000000000007e-01,2.5864183928023027e+02,2.5864183928023027e+02,1.7724854856485854e+04,1.7724854856485854e+04
branch8_seg0,5.6250000000000011e-01,2.5864183928023027e+02,2.5864183928023027e+02,1.7724854856485854e+04,1.7724854856485854e+04
branch8_seg0,6.7499999999999993e-01,2.5864183928023027e+02,2.5864183928023027e+02,1.7724854856485854e+04,1.7724854856485854e+04
branch8_seg0,7.8749999999999998e-01,2.5864183928023027e+02,2.5864183928023027e+02,1.7724854856485854e+04,1.7724854856485854e+04
branch8_seg0,9.0000000000000002e-01,2.5864183928023027e+02,2.5864183928023027e+02,1.7724854856485854e+04,1.7724854856485854e+04
branch9_seg0,0.0000000000000000e+00,1.9835548328887759e+02,1.9835548328887759e+02,1.2210763551263302e+04,1.2210763551263302e+04
branch9_seg0,1.1249999999999993e-01,1.9835548328833644e+02,1.9835548328833644e+02,1.2210763551229995e+04,1.2210763551229995e+04
branch9_seg0,2.2499999999999998e-01,1.9835548328860702e+02,1.9835548328860702e+02,1.2210763551246646e+04,1.2210763551246646e+04
branch9_seg0,3.3750000000000002e-01,1.9835548328860702e+02,1.9835548328860702e+02,1.2210763551246646e+04,1.2210763551246646e+04
branch9_seg0,4.5000000000000007e-01,1.9835548328860702e+02,1.9835548328860702e+02,1.2210763551246646e+04,1.2210763551246646e+04
branch9_seg0,5.6250000000000011e-01,1.9835548328860702e+02,1.9835548328860702e+02,1.2210763551246646e+04,1.2210763551246646e+04
branch9_seg0,6.7499999999999993e-01,1.9835548328860702e+02,1.9835548328860702e+02,1.2210763551246646e+04,1.2210763551246646e+04
branch9_seg0,7.8749999999999998e-01,1.9835548328860702e+02,1.9835548328860702e+02,1.2210763551246646e+04,1.2210763551246646e+04
branch9_seg0,9.0000000000000002e-01,1.9835548328860702e+02,1.9835548328860702e+02,1.2210763551246646e+04,1.2210763551246646e+04
branch10_seg0,0.0000000000000000e+00,6.0286355991705491e+01,6.0286355991705491e+01,3.7112280748493909e+03,3.7112280748493909e+03
branch10_seg0,1.1249999999999993e-01,6.0286355991541022e+01,6.0286355991541022e+01,3.7112280748392654e+03,3.7112280748392654e+03
branch10_seg0,2.2499999999999998e-01,6.0286355991623253e+01,6.0286355991623253e+01,3.7112280748443277e+03,3.7112280748443277e+03
branch10_seg0,3.3750000000000002e-01,6.0286355991623253e+01,6.0286355991623253e+01,3.7112280748443277e+03,3.7112280748443277e+03
branch10_seg0,4.5000000000000007e-01,6.0286355991623253e+01,6.0286355991623253e+01,3.7112280748443277e+03,3.7112280748443277e+03
branch10_seg0,5.6250000000000011e-01,6.0286355991623253e+01,6.0286355991623253e+01,3.7112280748443277e+03,3.7112280748443277e+03
branch10_seg0,6.7499999999999993e-01,6.0286355991623253e+01,6.0286355991623253e+01,3.7112280748443277e+03,3.7112280748443277e+03
branch10_seg0,7.8749999999999998e-01,6.0286355991623253e+01,6.0286355991623253e+01,3.7112280748443277e+03,3.7112280748443277e+03
branch10_seg0,9.0000000000000002e-01,6.0286355991623253e+01,6.0286355991623253e+01,3.7112280748443277e+03,3.7112280748443277e+03
branch10_seg1,0.0000000000000000e+00,6.0286355991705491e+01,6.0286355991705491e+01,3.7112280748493909e+03,3.7112280748493909e+03
branch10_seg1,1.1249999999999993e-01,6.0286355991541022e+01,6.0286355991541022e+01,3.7112280748392654e+03,3.7112280748392654e+03
branch10_seg1,2.2499999999999998e-01,6.0286355991623253e+01,6.0286355991623253e+01,3.7112280748443277e+03,3.7112280748443277e+03
branch10_seg1,3.3750000000000002e-01,6.0286355991623253e+01,6.0286355991623253e+01,3.7112280748443277e+03,3.7112280748443277e+03
branch10_seg1,4.5000000000000007e-01,6.0286355991623253e+01,6.0286355991623253e+01,3.7112280748443277e+03,3.7112280748443277e+03
branch10_seg1,5.6250000000000011e-01,6.0286355991623253e+01,6.0286355991623253e+01,3.7112280748443277e+03,3.7112280748443277e+03
branch10_seg1,6.7499999999999993e-01,6.0286355991623253e+01,6.0286355991623253e+01,3.7112280748443277e+03,3.7112280748443277e+03
branch10_seg1,7.8749999999999998e-01,6.0286355991623253e+01,6.0286355991623253e+01,3.7112280748443277e+03,3.7112280748443277e+03
branch10_seg1,9.0000000000000002e-01,6.0286355991623253e+01,6.0286355991623253e+01,3.7112280748443277e+03,3.7112280748443277e+03
branch10_seg2,0.0000000000000000e+00,6.0286355991705491e+01,6.0286355991705491e+01,3.7112280748493909e+03,3.7112280748493909e+03
branch10_seg2,1.1249999999999993e-01,6.0286355991541022e+01,6.0286355991541022e+01,3.7112280748392654e+03,3.7112280748392654e+03
branch10_seg2,2.2499999999999998e-01,6.0286355991623253e+01,6.0286355991623253e+01,3.7112280748443277e+03,3.7112280748443277e+03
branch10_seg2,3.3750000000000002e-01,6.0286355991623253e+01,6.0286355991623253e+01,3.7112280748443277e+03,3.7112280748443277e+03
branch10_seg2,4.5000000000000007e-01,6.0286355991623253e+01,6.0286355991623253e+01,3.7112280748443277e+03,3.7112280748443277e+03
branch10_seg2,5.6250000000000011e-01,6.0286355991623253e+01,6.0286355991623253e+01,3.7112280748443277e+03,3.7112280748443277e+03
branch10_seg2,6.7499999999999993e-01,6.0286355991623253e+01,6.0286355991623253e+01,3.7112280748443277e+03,3.7112280748443277e+03
branch10_seg2,7.8749999999999998e-01,6.0286355991623253e+01,6.0286355991623253e+01,3.7112280748443277e+03,3.7112280748443277e+03
branch10_seg2,9.0000000000000002e-01,6.0286355991623253e+01,6.0286355991623253e+01,3.7112280748443277e+03,3.7112280748443277e+03
branch11_seg0,0.0000000000000000e+00,6.0135696343161705e+01,6.0135696343161705e+01,3.7019534668850351e+03,3.7019534668850351e+03
branch11_seg0,1.1249999999999993e-01,6.0135696342997633e+01,6.0135696342997633e+01,3.7019534668749343e+03,3.7019534668749343e+03
branch11_seg0,2.2499999999999998e-01,6.0135696343079658e+01,6.0135696343079658e+01,3.7019534668799838e+03,3.7019534668799838e+03
branch11_seg0,3.3750000000000002e-01,6.0135696343079658e+01,6.0135696343079658e+01,3.7019534668799838e+03,3.7019534668799838e+03
branch11_seg0,4.5000000000000007e-01,6.0135696343079658e+01,6.0135696343079658e+01,3.7019534668799838e+03,3.7019534668799838e+03
branch11_seg0,5.6250000000000011e-01,6.0135696343079658e+01,6.0135696343079658e+01,3.7019534668799838e+03,3.7019534668799838e+03
branch11_seg0,6.7499999999999993e-01,6.0135696343079658e+01,6.0135696343079658e+01,3.7019534668799838e+03,3.7019534668799838e+03
branch11_seg0,7.8749999999999998e-01,6.0135696343079658e+01,6.0135696343079658e+01,3.7019534668799838e+03,3.7019534668799838e+03
branch11_seg0,9.0000000000000002e-01,6.0135696343079658e+01,6.0135696343079658e+01,3.7019534668799838e+03,3.7019534668799838e+03
branch11_seg1,0.0000000000000000e+00,6.0135696343161705e+01,6.0135696343161705e+01,3.7019534668850351e+03,3.7019534668850351e+03
branch11_seg1,1.1249999999999993e-01,6.0135696342997633e+01,6.0135696342997633e+01,3.7019534668749343e+03,3.7019534668749343e+03
branch11_seg1,2.2499999999999998e-01,6.0135696343079658e+01,6.0135696343079658e+01,3.7019534668799838e+03,3.7019534668799838e+03
branch11_seg1,3.3750000000000002e-01,6.0135696343079658e+01,6.0135696343079658e+01,3.7019534668799838e+03,3.7019534668799838e+03
branch11_seg1,4.5000000000000007e-01,6.0135696343079658e+01,6.0135696343079658e+01,3.7019534668799838e+03,3.7019534668799838e+03
branch11_seg1,5.6250000000000011e-01,6.0135696343079658e+01,6.0135696343079658e+01,3.7019534668799838e+03,3.7019534668799838e+03
branch11_seg1,6.7499999999999993e-01,6.0135696343079658e+01,6.0135696343079658e+01,3.7019534668799838e+03,3.7019534668799838e+03
branch11_seg1,7.8749999999999998e-01,6.0135696343079658e+01,6.0135696343079658e+01,3.7019534668799838e+03,3.7019534668799838e+03
branch11_seg1,9.0000000000000002e-01,6.0135696343079658e+01,6.0135696343079658e+01,3.7019534668799838e+03,3.7019534668799838e+03
branch11_seg2,0.0000000000000000e+00,6.0135696343161705e+01,6.0135696343161705e+01,3.7019534668850351e+03,3.7019534668850351e+03
branch11_seg2,1.1249999999999993e-01,6.0135696342997633e+01,6.0135696342997633e+01,3.7019534668749343e+03,3.7019534668749343e+03
branch11_seg2,2.2499999999999998e-01,6.0135696343079658e+01,6.0135696343079658e+01,3.7019534668799838e+03,3.7019534668799838e+03
branch11_seg2,3.3750000000000002e-01,6.0135696343079658e+01,6.0135696343079658e+01,3.7019534668799838e+03,3.7019534668799838e+03
branch11_seg2,4.5000000000000007e-01,6.0135696343079658e+01,6.0135696343079658e+01,3.7019534668799838e+03,3.7019534668799838e+03
branch11_seg2,5.6250000000000011e-01,6.0135696343079658e+01,6.0135696343079658e+01,3.7019534668799838e+03,3.7019534668799838e+03
branch11_seg2,6.7499999999999993e-01,6.0135696343079658e+01,6.0135696343079658e+01,3.7019534668799838e+03,3.7019534668799838e+03
branch11_seg2,7.8749999999999998e-01,6.0135696343079658e+01,6.0135696343079658e+01,3.7019534668799838e+03,3.7019534668799838e+03
branch11_seg2,9.0000000000000002e-01,6.0135696343079658e+01,6.0135696343079658e+01,3.7019534668799838e+03,3.7019534668799838e+03
branch12_seg0,0.0000000000000000e+00,8.0812502007301916e+01,8.0812502007301916e+01,4.9748176235695064e+03,4.9748176235695064e+03
branch12_seg0,1.1249999999999993e-01,8.0812502007081420e+01,8.0812502007081420e+01,4.9748176235559322e+03,4.9748176235559322e+03
branch12_seg0,2.2499999999999998e-01,8.0812502007191668e+01,8.0812502007191668e+01,4.9748176235627188e+03,4.9748176235627188e+03
branch12_seg0,3.3750000000000002e-01,8.0812502007191668e+01,8.0812502007191668e+01,4.9748176235627188e+03,4.9748176235627188e+03
branch12_seg0,4.5000000000000007e-01,8.0812502007191668e+01,8.0812502007191668e+01,4.9748176235627188e+03,4.9748176235627188e+03
branch12_seg0,5.6250000000000011e-01,8.0812502007191668e+01,8.0812502007191668e+01,4.9748176235627188e+03,4.9748176235627188e+03
branch12_seg0,6.7499999999999993e-01,8.0812502007191668e+01,8.0812502007191668e+01,4.9748176235627188e+03,4.9748176235627188e+03
branch12_seg0,7.8749999999999998e-01,8.0812502007191668e+01,8.0812502007191668e+01,4.9748176235627188e+03,4.9748176235627188e+03
branch12_seg0,9.0000000000000002e-01,8.0812502007191668e+01,8.0812502007191668e+01,4.9748176235627188e+03,4.9748176235627188e+03
branch12_seg1,0.0000000000000000e+00,8.0812502007301916e+01,8.0812502007301916e+01,4.9748176235695064e+03,4.9748176235695064e+03
branch12_seg1,1.1249999999999993e-01,8.0812502007081420e+01,8.0812502007081420e+01,4.9748176235559322e+03,4.9748176235559322e+03
branch12_seg1,2.2499999999999998e-01,8.0812502007191668e+01,8.0812502007191668e+01,4.9748176235627188e+03,4.9748176235627188e+03
branch12_seg1,3.3750000000000002e-01,8.0812502007191668e+01,8.0812502007191668e+01,4.9748176235627188e+03,4.9748176235627188e+03
branch12_seg1,4.5000000000000007e-01,8.0812502007191668e+01,8.0812502007191668e+01,4.9748176235627188e+03,4.9748176235627188e+03
branch12_seg1,5.6250000000000011e-01,8.0812502007191668e+01,8.0812502007191668e+01,4.9748176235627188e+03,4.9748176235627188e+03
branch12_seg1,6.7499999999999993e-01,8.0812502007191668e+01,8.0812502007191668e+01,4.9748176235627188e+03,4.9748176235627188e+03
branch12_seg1,7.8749999999999998e-01,8.0812502007191668e+01,8.0812502007191668e+01,4.9748176235627188e+03,4.9748176235627188e+03
branch12_seg1,9.0000000000000002e-01,8.0812502007191668e+01,8.0812502007191668e+01,4.9748176235627188e+03,4.9748176235627188e+03
branch12_seg2,0.0000000000000000e+00,8.0812502007301916e+01,8.0812502007301916e+01,4.9748176235695064e+03,4.9748176235695064e+03
branch12_seg2,1.1249999999999993e-01,8.0812502007081420e+01,8.0812502007081420e+01,4.9748176235559322e+03,4.9748176235559322e+03
branch12_seg2,2.2499999999999998e-01,8.0812502007191668e+01,8.0812502007191668e+01,4.9748176235627188e+03,4.9748176235627188e+03
branch12_seg2,3.3750000000000002e-01,8.0812502007191668e+01,8.0812502007191668e+01,4.9748176235627188e+03,4.9748176235627188e+03
branch12_seg2,4.5000000000000007e-01,8.0812502007191668e+01,8.0812502007191668e+01,4.9748176235627188e+03,4.9748176235627188e+03
branch12_seg2,5.6250000000000011e-01,8.0812502007191668e+01,8.0812502007191668e+01,4.9748176235627188e+03,4.9748176235627188e+03
branch12_seg2,6.7499999999999993e-01,8.0812502007191668e+01,8.0812502007191668e+01,4.9748176235627188e+03,4.9748176235627188e+03
branch12_seg2,7.8749999999999998e-01,8.0812502007191668e+01,8.0812502007191668e+01,4.9748176235627188e+03,4.9748176235627188e+03
branch12_seg2,9.0000000000000002e-01,8.0812502007191668e+01,8.0812502007191668e+01,4.9748176235627188e+03,4.9748176235627188e+03
